SPID,DiffEx_ID
P20481,CGI_10000034
Q9Y600,CGI_10000038
A7Y2W8,CGI_10000052
Q9BYK8,CGI_10000144
O70277,CGI_10000156
Q9NWZ3,CGI_10000165
Q9NWZ3,CGI_10000166
Q91ZZ5,CGI_10000183
O75382,CGI_10000187
Q8VCG3,CGI_10000215
Q9H116,CGI_10000218
Q62737,CGI_10000281
P10079,CGI_10000286
O35142,CGI_10000293
Q6R7B1,CGI_10000300
Q4R4Y9,CGI_10000304
Q5SVS4,CGI_10000321
A2BIG9,CGI_10000380
Q5XGW6,CGI_10000381
P15870,CGI_10000402
Q60648,CGI_10000408
Q12794,CGI_10000417
Q9CTN8,CGI_10000536
P79955,CGI_10000555
Q9ESN6,CGI_10000580
P09661,CGI_10000585
Q5BJP6,CGI_10000590
Q964E3,CGI_10000602
A2A690,CGI_10000610
Q9CPW4,CGI_10000611
Q9JM13,CGI_10000627
Q8NCN5,CGI_10000683
A4IF63,CGI_10000692
Q10711,CGI_10000696
Q6CQE5,CGI_10000725
D2GXS7,CGI_10000737
A7RKF6,CGI_10000738
Q6PFY8,CGI_10000839
Q53E76,CGI_10000840
A9JTP3,CGI_10000852
Q7T2L7,CGI_10000871
Q80V70,CGI_10000877
P08183,CGI_10000886
Q9GJU1,CGI_10000942
Q5ZKP7,CGI_10000947
Q5H9S7,CGI_10000948
Q8VI63,CGI_10001013
Q8WV74,CGI_10001025
Q9V3A4,CGI_10001049
P55113,CGI_10001070
Q09654,CGI_10001089
Q0P5D2,CGI_10001110
A9MUT4,CGI_10001130
A4W948,CGI_10001131
Q13263,CGI_10001132
Q6PFX9,CGI_10001187
P70705,CGI_10001203
Q99J25,CGI_10001221
Q32NQ8,CGI_10001223
Q6PFY8,CGI_10001233
Q5M9N0,CGI_10001237
Q9N0C7,CGI_10001245
A4IIY1,CGI_10001246
Q1L8X9,CGI_10001270
Q9H8W5,CGI_10001329
A2AGA4,CGI_10001331
Q9NYP3,CGI_10001345
Q3UVR3,CGI_10001347
Q9R1R2,CGI_10001358
P54813,CGI_10001360
Q9CQZ5,CGI_10001372
Q966R0,CGI_10001377
Q00534,CGI_10001400
Q6ZPT1,CGI_10001405
Q80T74,CGI_10001432
O60870,CGI_10001441
Q9HBY0,CGI_10001451
D2GXS7,CGI_10001460
Q09654,CGI_10001464
Q09369,CGI_10001489
P23606,CGI_10001530
Q5GLH2,CGI_10001538
Q9EQW6,CGI_10001543
A6RJ45,CGI_10001553
Q5I0S8,CGI_10001563
Q94126,CGI_10001573
P48025,CGI_10001591
Q28983,CGI_10001592
P23471,CGI_10001597
Q9GZV8,CGI_10001616
F7H9X2,CGI_10001664
Q6PFY8,CGI_10001673
Q3KRC5,CGI_10001707
Q9NXG2,CGI_10001734
O43808,CGI_10001737
Q8WXI3,CGI_10001776
Q66H58,CGI_10001784
D2GXS7,CGI_10001794
Q52L45,CGI_10001800
Q6DIB5,CGI_10001807
P46471,CGI_10001808
Q8BSY0,CGI_10001813
O60583,CGI_10001819
Q3UFY8,CGI_10001834
A4IHS0,CGI_10001835
Q5NBX1,CGI_10001839
Q61P40,CGI_10001849
Q99250,CGI_10001852
Q53G44,CGI_10001869
P41242,CGI_10001931
Q80V70,CGI_10001932
Q99848,CGI_10001934
A2AWP8,CGI_10001937
Q70PU1,CGI_10001975
Q9Y234,CGI_10002026
Q9P3W6,CGI_10002027
Q68FE2,CGI_10002035
Q9UDY8,CGI_10002038
Q0VH32,CGI_10002065
Q8C8H8,CGI_10002113
Q3MHV9,CGI_10002219
Q6ZRF8,CGI_10002238
Q8BFR2,CGI_10002240
Q9D0E5,CGI_10002241
A8Y1P7,CGI_10002250
Q54G14,CGI_10002299
F7A3P2,CGI_10002310
Q2TBL6,CGI_10002311
Q8K3P0,CGI_10002314
Q9H9Y6,CGI_10002339
P08011,CGI_10002361
P19477,CGI_10002370
P12545,CGI_10002384
Q01177,CGI_10002385
P84675,CGI_10002386
O14815,CGI_10002395
Q5QQ53,CGI_10002413
O75445,CGI_10002429
P21439,CGI_10002457
Q60560,CGI_10002458
Q9I9H2,CGI_10002480
Q9ESN6,CGI_10002484
Q92113,CGI_10002509
P00184,CGI_10002510
Q7T2L7,CGI_10002512
Q91ZX7,CGI_10002521
P86854,CGI_10002529
P14133,CGI_10002542
Q9U1M8,CGI_10002584
O97125,CGI_10002594
Q9Y6N5,CGI_10002617
Q5E9S2,CGI_10002627
O15315,CGI_10002640
Q9H307,CGI_10002641
Q3TTL0,CGI_10002654
P51948,CGI_10002662
Q9Y224,CGI_10002700
Q8IXR9,CGI_10002717
Q54KZ0,CGI_10002722
O75382,CGI_10002742
Q9Y4L5,CGI_10002749
P0AGF8,CGI_10002751
P22897,CGI_10002756
O97125,CGI_10002823
Q5M7K0,CGI_10002826
Q9U6M0,CGI_10002845
P41951,CGI_10002896
Q67FQ3,CGI_10002905
P00437,CGI_10002939
P27512,CGI_10002984
Q54NP8,CGI_10003000
Q9VN14,CGI_10003022
Q2NL27,CGI_10003034
O75382,CGI_10003056
Q9Y6D5,CGI_10003058
Q6Q899,CGI_10003083
Q5R652,CGI_10003087
Q6PFY8,CGI_10003104
P17342,CGI_10003117
O14744,CGI_10003120
Q0V8M0,CGI_10003133
Q8IUN9,CGI_10003144
Q5E9K0,CGI_10003170
Q3SZZ7,CGI_10003176
Q9UTA8,CGI_10003190
P30430,CGI_10003191
Q5PQR4,CGI_10003237
Q86UT8,CGI_10003244
P86854,CGI_10003266
Q9P2E3,CGI_10003301
P49139,CGI_10003308
Q3T0F5,CGI_10003329
Q5JPI9,CGI_10003330
Q9LR78,CGI_10003368
Q25410,CGI_10003373
Q02280,CGI_10003384
Q95KI5,CGI_10003390
P79134,CGI_10003395
Q28983,CGI_10003405
F7H9X2,CGI_10003409
Q8C8H8,CGI_10003423
Q00546,CGI_10003430
Q09654,CGI_10003444
Q96P70,CGI_10003446
Q7Z0T3,CGI_10003449
Q6NRE4,CGI_10003456
O14981,CGI_10003467
Q9QXM0,CGI_10003480
Q15907,CGI_10003481
O17320,CGI_10003490
P79818,CGI_10003491
Q071E0,CGI_10003511
Q969G3,CGI_10003516
P23038,CGI_10003519
P19754,CGI_10003542
Q24372,CGI_10003546
Q24372,CGI_10003547
Q13085,CGI_10003582
Q8T8R1,CGI_10003587
Q7ZU45,CGI_10003613
Q17QJ7,CGI_10003622
Q8NFT2,CGI_10003627
Q5R5L7,CGI_10003649
Q8K418,CGI_10003650
Q3U1V8,CGI_10003652
Q95YM8,CGI_10003664
Q8T8R1,CGI_10003680
Q7SXN5,CGI_10003697
Q8BMZ5,CGI_10003722
P23819,CGI_10003728
Q2PZL6,CGI_10003734
Q6ZPY7,CGI_10003744
A0JNJ3,CGI_10003772
Q2PZL6,CGI_10003773
P21138,CGI_10003785
Q80W71,CGI_10003799
Q27802,CGI_10003816
Q7L0Q8,CGI_10003838
Q8IYD8,CGI_10003839
Q2KID9,CGI_10003840
Q5RC46,CGI_10003854
Q08E40,CGI_10003866
Q498W5,CGI_10003870
Q0P4Z1,CGI_10003871
P82712,CGI_10003892
Q15418,CGI_10003897
Q5XIY4,CGI_10003910
P30533,CGI_10003942
Q75J93,CGI_10003945
Q9CRB9,CGI_10003950
Q5ZLW3,CGI_10003967
Q5ZLW3,CGI_10003968
Q28948,CGI_10003983
Q13627,CGI_10004006
Q2NL68,CGI_10004012
Q00719,CGI_10004018
Q5BK43,CGI_10004027
A2A690,CGI_10004029
O43301,CGI_10004030
Q0IIE2,CGI_10004053
Q9EPU0,CGI_10004054
Q9HAR2,CGI_10004066
Q6TNJ1,CGI_10004079
Q96IP4,CGI_10004085
O60344,CGI_10004096
Q8K174,CGI_10004101
Q922J3,CGI_10004107
O08623,CGI_10004110
P25071,CGI_10004114
P49793,CGI_10004123
Q8AVN9,CGI_10004124
O02373,CGI_10004131
Q6L6Q6,CGI_10004145
P47812,CGI_10004156
Q20363,CGI_10004164
Q20363,CGI_10004166
Q8HXM1,CGI_10004176
P19217,CGI_10004188
Q07553,CGI_10004208
Q5BKX0,CGI_10004211
A7Y2X0,CGI_10004220
Q8SWR8,CGI_10004227
Q96GQ7,CGI_10004263
O43301,CGI_10004267
P78563,CGI_10004273
O70165,CGI_10004282
Q6AY46,CGI_10004293
Q9QXM0,CGI_10004330
O75382,CGI_10004336
C8YR32,CGI_10004364
P16435,CGI_10004396
Q2KMM4,CGI_10004440
Q7SYC9,CGI_10004454
Q5BK68,CGI_10004473
A0JMK9,CGI_10004475
P50607,CGI_10004489
Q13426,CGI_10004515
Q5TGI0,CGI_10004519
Q56H79,CGI_10004524
Q9ESN6,CGI_10004543
Q6R5J2,CGI_10004583
Q566L4,CGI_10004589
Q92824,CGI_10004590
Q0WYX8,CGI_10004601
Q62947,CGI_10004605
Q66J36,CGI_10004612
P50739,CGI_10004620
Q5SUV2,CGI_10004635
Q01177,CGI_10004649
P38650,CGI_10004652
O14522,CGI_10004661
Q99KH8,CGI_10004703
B8I6E7,CGI_10004704
Q8NCU4,CGI_10004713
Q9ESN6,CGI_10004738
Q3T0Y3,CGI_10004741
Q5JVG2,CGI_10004751
Q61315,CGI_10004760
Q9UM00,CGI_10004767
O35495,CGI_10004779
Q6NW96,CGI_10004780
Q0VA40,CGI_10004781
P57788,CGI_10004801
Q05655,CGI_10004811
Q5PU49,CGI_10004812
Q29RU2,CGI_10004828
Q8K1S5,CGI_10004830
Q13823,CGI_10004835
Q04861,CGI_10004837
Q95PA1,CGI_10004839
Q8TFG9,CGI_10004842
A1BQQ5,CGI_10004863
A1BQQ5,CGI_10004864
Q7YT83,CGI_10004865
A7Y2W8,CGI_10004868
Q3T0B6,CGI_10004885
Q9BVK2,CGI_10004886
Q3V080,CGI_10004906
Q02040,CGI_10004917
Q93008,CGI_10004932
Q3SYS4,CGI_10004937
Q502L2,CGI_10004944
Q8C8N3,CGI_10004947
Q9UM13,CGI_10004955
Q8K3K9,CGI_10004960
Q04721,CGI_10004966
Q969R8,CGI_10004969
O70277,CGI_10004982
Q10741,CGI_10004989
Q6TL19,CGI_10004997
Q58DA0,CGI_10005023
Q6NWH5,CGI_10005035
Q9VMY1,CGI_10005055
Q9ERD9,CGI_10005058
Q9Y0A7,CGI_10005065
P25094,CGI_10005080
Q29428,CGI_10005095
Q9I919,CGI_10005112
Q5FW46,CGI_10005127
Q9PU36,CGI_10005145
A8BQB4,CGI_10005175
P55265,CGI_10005182
Q9QUN7,CGI_10005193
Q7Z6M4,CGI_10005213
Q9FT72,CGI_10005227
Q6NYT3,CGI_10005238
P97612,CGI_10005243
P28799,CGI_10005248
Q13033,CGI_10005252
Q7SXU0,CGI_10005256
Q7Z3C6,CGI_10005289
Q5ZEQ8,CGI_10005323
Q8JZM4,CGI_10005325
A2VDC2,CGI_10005358
Q99081,CGI_10005375
Q9Z254,CGI_10005383
Q3T000,CGI_10005384
P83861,CGI_10005389
O95831,CGI_10005410
P86789,CGI_10005424
P86789,CGI_10005425
Q0WR59,CGI_10005450
Q8BTH6,CGI_10005451
E9Q555,CGI_10005452
Q1W1Y5,CGI_10005455
Q56B11,CGI_10005456
O35344,CGI_10005457
Q5MNU5,CGI_10005458
Q9P2E3,CGI_10005474
Q5R611,CGI_10005488
Q90837,CGI_10005518
Q9BSE2,CGI_10005523
Q9EQW7,CGI_10005525
Q8N9I9,CGI_10005549
C6KFA3,CGI_10005570
Q6B966,CGI_10005586
Q6RWA9,CGI_10005591
Q91827,CGI_10005605
Q9NX58,CGI_10005625
B4U7S7,CGI_10005632
Q2EJA0,CGI_10005646
Q5ZJN2,CGI_10005650
Q63406,CGI_10005669
Q63406,CGI_10005670
Q99MR0,CGI_10005672
Q5EA33,CGI_10005678
Q86XL3,CGI_10005692
P26591,CGI_10005695
Q13435,CGI_10005720
Q8K0S0,CGI_10005752
Q66HG0,CGI_10005761
Q6UWE0,CGI_10005771
Q9CZT5,CGI_10005777
A6QQ14,CGI_10005802
Q8R491,CGI_10005813
P62700,CGI_10005814
Q2TV84,CGI_10005818
O35602,CGI_10005826
Q01617,CGI_10005847
Q9H2Y7,CGI_10005854
P41233,CGI_10005864
Q91ZU6,CGI_10005879
Q92759,CGI_10005889
Q6ZQQ6,CGI_10005903
P05455,CGI_10005904
Q8N2E2,CGI_10005910
P29503,CGI_10005937
Q96HW7,CGI_10005940
Q9Y3E0,CGI_10005961
Q9CYC6,CGI_10005973
Q8CJ99,CGI_10005984
Q5UPG5,CGI_10006005
A2VE79,CGI_10006008
Q1ZXH8,CGI_10006021
Q9ESN9,CGI_10006022
Q6PFY8,CGI_10006030
Q4R8R3,CGI_10006031
Q9DBV3,CGI_10006035
B5FZ63,CGI_10006042
Q6MG82,CGI_10006075
O95363,CGI_10006103
Q92623,CGI_10006121
Q9H269,CGI_10006128
Q5FVL6,CGI_10006129
Q94126,CGI_10006132
Q9VN14,CGI_10006138
A2AM05,CGI_10006164
Q8MQW8,CGI_10006168
Q5ZJB4,CGI_10006185
Q28DZ1,CGI_10006186
Q2EMV9,CGI_10006196
O88746,CGI_10006213
Q4R6X9,CGI_10006214
Q9CPY6,CGI_10006216
Q8R151,CGI_10006224
O15259,CGI_10006230
Q9P2E3,CGI_10006232
Q9U943,CGI_10006236
Q5EAR5,CGI_10006248
P04757,CGI_10006254
Q80U16,CGI_10006257
Q9QZR5,CGI_10006263
Q498F0,CGI_10006276
Q8N884,CGI_10006277
O93309,CGI_10006322
P51398,CGI_10006345
Q70LM4,CGI_10006353
P16330,CGI_10006354
P42566,CGI_10006360
P82596,CGI_10006368
Q27409,CGI_10006371
Q6NWJ4,CGI_10006375
Q9UHJ3,CGI_10006381
Q8K310,CGI_10006408
Q86UD0,CGI_10006409
Q8T784,CGI_10006411
Q5ZHZ0,CGI_10006412
O75140,CGI_10006426
Q6ZRF8,CGI_10006461
Q3SXD3,CGI_10006469
O97341,CGI_10006481
Q8STF0,CGI_10006482
Q9UNA4,CGI_10006485
A2RSX7,CGI_10006502
Q8C5V5,CGI_10006521
Q64373,CGI_10006540
D3ZUU2,CGI_10006550
Q9Y216,CGI_10006555
Q9VZZ9,CGI_10006556
O75808,CGI_10006557
O75897,CGI_10006565
Q15256,CGI_10006570
P54864,CGI_10006579
O95834,CGI_10006587
Q0VEE6,CGI_10006599
Q5F356,CGI_10006606
Q8VDP6,CGI_10006615
O18973,CGI_10006616
Q68FF9,CGI_10006658
Q08874,CGI_10006667
O75581,CGI_10006680
P46425,CGI_10006718
Q5F450,CGI_10006721
Q4U3Q4,CGI_10006759
Q96RI1,CGI_10006761
Q8CBY1,CGI_10006768
Q29RU1,CGI_10006771
Q2KJE0,CGI_10006791
P98203,CGI_10006793
Q86YS6,CGI_10006837
P35611,CGI_10006848
P32583,CGI_10006851
Q60HD5,CGI_10006854
Q8N5I4,CGI_10006858
P40692,CGI_10006861
C8YR32,CGI_10006871
Q8N6G6,CGI_10006880
Q5RJI4,CGI_10006887
O88799,CGI_10006889
Q99814,CGI_10006937
P91809,CGI_10006940
A0JPB4,CGI_10006947
A6H7G2,CGI_10006952
Q9DAK3,CGI_10006953
P35605,CGI_10006964
P47736,CGI_10006965
P85831,CGI_10006969
Q9ES28,CGI_10006995
F6ULY1,CGI_10007002
Q61554,CGI_10007011
Q05209,CGI_10007013
Q7TN88,CGI_10007022
Q4AEH5,CGI_10007023
A1L2K1,CGI_10007029
Q8BJ34,CGI_10007033
P51171,CGI_10007034
Q2EMV9,CGI_10007048
D3ZQG6,CGI_10007049
O75382,CGI_10007051
Q29504,CGI_10007057
O75382,CGI_10007058
Q9NDE8,CGI_10007081
Q13263,CGI_10007082
Q5ZLY5,CGI_10007103
Q9JJ05,CGI_10007106
P18735,CGI_10007107
Q8C8H8,CGI_10007128
Q8C8H8,CGI_10007129
C3XVT5,CGI_10007131
Q8SWR2,CGI_10007136
P22292,CGI_10007140
Q9H299,CGI_10007141
O55071,CGI_10007150
Q8N0W4,CGI_10007156
Q6NWW5,CGI_10007158
Q6GQQ9,CGI_10007165
Q5RJ54,CGI_10007168
Q9H4G4,CGI_10007186
P31943,CGI_10007212
Q6ZV89,CGI_10007217
Q32PJ7,CGI_10007218
P31696,CGI_10007223
Q9W704,CGI_10007227
A4IIW7,CGI_10007244
Q96N58,CGI_10007254
Q2EMV9,CGI_10007265
Q8K078,CGI_10007272
P10675,CGI_10007276
P21775,CGI_10007277
O70445,CGI_10007294
Q964E0,CGI_10007296
Q6DIS8,CGI_10007304
P42118,CGI_10007307
Q60MF5,CGI_10007308
Q5RFE6,CGI_10007336
Q3KNV8,CGI_10007343
Q3LGD4,CGI_10007346
Q8K4K5,CGI_10007347
Q8N695,CGI_10007352
A2APV2,CGI_10007354
Q63HN8,CGI_10007361
Q5T4F7,CGI_10007369
Q00492,CGI_10007380
Q3ZBV2,CGI_10007399
P41154,CGI_10007406
A4IF63,CGI_10007414
Q4FNA2,CGI_10007415
O62640,CGI_10007421
Q5T7P8,CGI_10007422
Q9P0L9,CGI_10007495
Q50D79,CGI_10007529
Q9NFT7,CGI_10007559
P91891,CGI_10007561
Q80T23,CGI_10007576
Q6DFS6,CGI_10007579
Q86QN6,CGI_10007635
Q91X83,CGI_10007641
Q9BUE0,CGI_10007651
Q9NZW4,CGI_10007654
Q7ZVK3,CGI_10007664
P39922,CGI_10007667
Q8R455,CGI_10007683
Q6BEB4,CGI_10007690
P51449,CGI_10007706
P41830,CGI_10007707
Q9Y2H1,CGI_10007711
Q0VFH9,CGI_10007712
Q9Y2W6,CGI_10007716
Q059Y8,CGI_10007724
P08761,CGI_10007727
Q5SUD9,CGI_10007750
P29375,CGI_10007771
Q9ULK2,CGI_10007773
Q5U300,CGI_10007774
O75382,CGI_10007775
Q9H3G5,CGI_10007785
P86952,CGI_10007793
Q8R1B8,CGI_10007795
Q63425,CGI_10007820
Q3U2J5,CGI_10007822
Q05438,CGI_10007827
Q148E1,CGI_10007831
P34611,CGI_10007866
Q5TGI0,CGI_10007879
Q5UAK0,CGI_10007893
P84245,CGI_10007918
Q9C0B0,CGI_10007919
O95749,CGI_10007920
Q8K4J6,CGI_10007928
O75382,CGI_10007943
O07552,CGI_10007955
O07552,CGI_10007956
O44252,CGI_10007958
Q9NUJ3,CGI_10007972
Q9VHN6,CGI_10007975
B4JSC2,CGI_10007980
Q90600,CGI_10008016
Q9U489,CGI_10008028
Q4TZY1,CGI_10008035
Q5NVJ6,CGI_10008036
B3A0P8,CGI_10008041
Q6WV74,CGI_10008056
O15120,CGI_10008089
P46461,CGI_10008099
O08560,CGI_10008117
Q06033,CGI_10008123
Q96GP6,CGI_10008130
A6NN14,CGI_10008154
A6QPN6,CGI_10008156
A6QPN6,CGI_10008157
Q5ZL67,CGI_10008158
Q96SY0,CGI_10008161
P34501,CGI_10008172
O93430,CGI_10008177
Q9HC56,CGI_10008179
P42674,CGI_10008189
Q91XQ4,CGI_10008193
Q8IV01,CGI_10008205
Q9CQD4,CGI_10008208
Q99LG0,CGI_10008211
O43704,CGI_10008235
O00338,CGI_10008236
Q9ES30,CGI_10008239
Q5FVB0,CGI_10008244
Q3L254,CGI_10008245
Q65JE7,CGI_10008276
P31356,CGI_10008282
O15943,CGI_10008293
Q865F7,CGI_10008301
A7Y2W8,CGI_10008315
Q54PM6,CGI_10008336
Q02357,CGI_10008366
Q8JHI3,CGI_10008372
Q7ZXH3,CGI_10008373
P35282,CGI_10008385
Q9CXF4,CGI_10008386
Q9JHG6,CGI_10008387
Q6V0I7,CGI_10008393
P13666,CGI_10008403
Q7Z3V4,CGI_10008406
Q6DIM3,CGI_10008409
Q8N5N7,CGI_10008410
Q8BW74,CGI_10008414
Q99ND9,CGI_10008437
Q9Y2G4,CGI_10008441
Q9Y2G4,CGI_10008442
Q8QHA5,CGI_10008467
Q5BL38,CGI_10008469
Q504Y0,CGI_10008479
Q3T075,CGI_10008489
A2BD94,CGI_10008500
Q9U3V5,CGI_10008504
Q9UL36,CGI_10008505
Q9Z2J0,CGI_10008520
Q16543,CGI_10008523
Q5VU97,CGI_10008527
Q5ZKH3,CGI_10008582
D2GXS7,CGI_10008592
Q8R238,CGI_10008600
Q03112,CGI_10008605
Q6ZNF0,CGI_10008610
Q2EMV9,CGI_10008652
Q78S06,CGI_10008662
Q924T7,CGI_10008665
Q54PM6,CGI_10008681
Q8BTG3,CGI_10008686
Q92832,CGI_10008689
Q9UIF8,CGI_10008697
Q54QQ2,CGI_10008723
A5PLK6,CGI_10008728
P86952,CGI_10008737
Q3B7Z2,CGI_10008754
A9JRX0,CGI_10008777
B7PY76,CGI_10008778
Q58CU2,CGI_10008780
Q0VA04,CGI_10008800
Q9NQQ7,CGI_10008803
Q13014,CGI_10008808
G3V8T1,CGI_10008812
O95562,CGI_10008814
Q1RP77,CGI_10008824
O15484,CGI_10008828
Q6XLQ7,CGI_10008850
Q54J55,CGI_10008857
A0JM12,CGI_10008878
A4IF63,CGI_10008922
Q09654,CGI_10008925
Q2VJ60,CGI_10008932
Q28HM1,CGI_10008948
P39429,CGI_10008964
Q40588,CGI_10008967
P54513,CGI_10008988
Q4A0V8,CGI_10009011
Q6DCQ8,CGI_10009014
Q8K0U4,CGI_10009020
Q9NXW9,CGI_10009034
P86952,CGI_10009045
Q501Z5,CGI_10009051
Q0IH86,CGI_10009053
Q6IR75,CGI_10009055
P54145,CGI_10009088
P54145,CGI_10009089
P21333,CGI_10009092
Q8N2E2,CGI_10009105
P41823,CGI_10009111
Q80V70,CGI_10009119
Q13895,CGI_10009122
Q8N448,CGI_10009129
P0C7U5,CGI_10009130
P15308,CGI_10009149
Q8R0K4,CGI_10009153
Q5E9A5,CGI_10009157
Q9WTW8,CGI_10009160
Q9QXL2,CGI_10009167
Q7Z4S6,CGI_10009169
Q96RW7,CGI_10009180
P83673,CGI_10009199
Q26636,CGI_10009231
Q5R9F4,CGI_10009254
P70582,CGI_10009278
Q8N2E2,CGI_10009284
Q96MM6,CGI_10009306
A5D7I4,CGI_10009313
Q19673,CGI_10009318
A6N6J5,CGI_10009328
Q9WWW2,CGI_10009337
Q7Z6M2,CGI_10009348
Q9CT10,CGI_10009367
Q9CR41,CGI_10009368
Q1JPD8,CGI_10009373
Q9UNN5,CGI_10009374
Q9CQR6,CGI_10009380
O75382,CGI_10009381
Q9ESN6,CGI_10009382
A1A5S1,CGI_10009392
Q13163,CGI_10009421
Q8R2E9,CGI_10009433
Q1LUS8,CGI_10009466
Q0IJ33,CGI_10009475
Q62283,CGI_10009478
P85008,CGI_10009488
Q8K2Y0,CGI_10009492
O89114,CGI_10009495
P59024,CGI_10009507
A7MBB4,CGI_10009511
Q5R5L3,CGI_10009518
Q8MJD6,CGI_10009529
Q86WK9,CGI_10009533
Q9Y6X6,CGI_10009534
P49230,CGI_10009537
Q18PE1,CGI_10009571
O01393,CGI_10009587
Q9UPV9,CGI_10009594
E7FAW3,CGI_10009595
Q80VI1,CGI_10009603
P56182,CGI_10009637
P31696,CGI_10009650
O75095,CGI_10009659
P28020,CGI_10009680
O15075,CGI_10009696
Q96MM6,CGI_10009699
Q8CGY8,CGI_10009704
P56558,CGI_10009705
Q96MW5,CGI_10009706
Q4KL91,CGI_10009707
O09131,CGI_10009709
Q8TER0,CGI_10009712
Q9D5U8,CGI_10009741
Q9R0I6,CGI_10009762
Q14790,CGI_10009763
P97607,CGI_10009767
Q9V818,CGI_10009776
Q9Y6R4,CGI_10009791
Q5U4T9,CGI_10009792
Q99M02,CGI_10009799
A6QLU8,CGI_10009812
P27214,CGI_10009816
Q63424,CGI_10009837
Q791V5,CGI_10009862
Q8BV79,CGI_10009891
O15050,CGI_10009892
Q8TE56,CGI_10009911
P08842,CGI_10009924
Q761V0,CGI_10009981
Q9H2Y9,CGI_10009982
Q63186,CGI_10010020
Q8WVM8,CGI_10010029
Q8IVB5,CGI_10010030
O75751,CGI_10010039
D2GXS7,CGI_10010060
Q9H583,CGI_10010073
P78316,CGI_10010087
O14512,CGI_10010090
P0CE10,CGI_10010105
P09487,CGI_10010131
O75486,CGI_10010140
P50133,CGI_10010142
Q7M456,CGI_10010145
Q6Q0N0,CGI_10010146
O96790,CGI_10010153
Q4KL91,CGI_10010161
Q5R3Z8,CGI_10010162
Q8NB14,CGI_10010164
O54827,CGI_10010167
Q9D8C3,CGI_10010174
Q9HAR2,CGI_10010183
Q5ZKV8,CGI_10010193
D2GXS7,CGI_10010199
Q13263,CGI_10010217
O43715,CGI_10010220
Q9NPJ3,CGI_10010231
Q9ESV0,CGI_10010234
Q9VEG6,CGI_10010240
Q96IG2,CGI_10010243
Q28262,CGI_10010251
P32870,CGI_10010256
Q18206,CGI_10010280
Q9CR14,CGI_10010309
P86860,CGI_10010359
P12107,CGI_10010375
Q566C8,CGI_10010381
Q291A0,CGI_10010389
O22161,CGI_10010390
Q8UVR8,CGI_10010404
Q5T2D3,CGI_10010407
Q5RDE7,CGI_10010415
Q5RC80,CGI_10010417
Q9Y248,CGI_10010421
Q0VD48,CGI_10010435
P80010,CGI_10010444
P42568,CGI_10010446
Q8R5F7,CGI_10010459
P82198,CGI_10010464
Q1JP73,CGI_10010470
Q6TFL4,CGI_10010482
O75382,CGI_10010496
Q9D773,CGI_10010500
A1L3F4,CGI_10010513
O60346,CGI_10010514
Q05BQ5,CGI_10010519
Q5XX13,CGI_10010531
P50867,CGI_10010546
Q08DB5,CGI_10010550
Q2QI47,CGI_10010566
Q26636,CGI_10010587
Q26636,CGI_10010588
Q9QYS1,CGI_10010601
Q96S16,CGI_10010607
P18654,CGI_10010627
Q8WZA2,CGI_10010640
Q91233,CGI_10010646
O97125,CGI_10010647
Q641K5,CGI_10010655
Q8IZD2,CGI_10010657
P20585,CGI_10010668
Q8CE96,CGI_10010672
O89017,CGI_10010676
Q96D70,CGI_10010687
P05047,CGI_10010691
O97758,CGI_10010706
P0C6B8,CGI_10010708
Q3TFK5,CGI_10010709
P70182,CGI_10010710
P51432,CGI_10010711
Q13330,CGI_10010713
Q7ZVA6,CGI_10010714
Q6UWX4,CGI_10010716
O00308,CGI_10010750
P08962,CGI_10010785
P58421,CGI_10010787
O08584,CGI_10010790
Q5U3U3,CGI_10010810
Q8C0E2,CGI_10010817
P97697,CGI_10010822
P57772,CGI_10010825
Q7PHR1,CGI_10010829
P18426,CGI_10010837
Q09654,CGI_10010840
P35408,CGI_10010861
Q9JKP7,CGI_10010869
Q5RA37,CGI_10010871
Q659C4,CGI_10010880
Q05360,CGI_10010898
P12107,CGI_10010906
Q94BZ1,CGI_10010913
O43147,CGI_10010916
B2RUP2,CGI_10010918
B9A8D7,CGI_10010948
Q58DT4,CGI_10010949
O76924,CGI_10010960
Q9BXF3,CGI_10010979
Q15075,CGI_10010988
Q9W6B4,CGI_10011015
B1AR13,CGI_10011024
Q6V0I7,CGI_10011029
Q6N021,CGI_10011030
P09484,CGI_10011047
C7G0B5,CGI_10011057
O88845,CGI_10011060
Q64433,CGI_10011080
Q9Z2A5,CGI_10011088
Q62829,CGI_10011096
Q8HYX6,CGI_10011110
Q499D0,CGI_10011126
Q9D8U4,CGI_10011137
P38977,CGI_10011147
Q5SUF2,CGI_10011161
Q5ZHN3,CGI_10011163
Q91YE6,CGI_10011169
F6ZQ54,CGI_10011171
Q6AYL5,CGI_10011176
Q53G44,CGI_10011184
Q8NFZ5,CGI_10011188
D2GXS7,CGI_10011194
Q8IVH4,CGI_10011196
O88307,CGI_10011205
Q8BYI6,CGI_10011210
Q2EY13,CGI_10011233
P42620,CGI_10011266
A2AVA0,CGI_10011269
Q2M389,CGI_10011277
O42976,CGI_10011285
C3Z1P5,CGI_10011307
Q80VR3,CGI_10011323
Q0VFD6,CGI_10011337
Q4ZJM9,CGI_10011342
Q5BIM1,CGI_10011351
E7EY42,CGI_10011373
P82147,CGI_10011375
C8YR32,CGI_10011378
C8YR32,CGI_10011380
Q9JI18,CGI_10011409
Q08D69,CGI_10011419
O93430,CGI_10011424
Q9DC61,CGI_10011428
Q6GMG5,CGI_10011431
C1C416,CGI_10011435
Q9W636,CGI_10011441
P79217,CGI_10011452
Q64127,CGI_10011464
P41594,CGI_10011484
Q28IV3,CGI_10011487
D2GXS7,CGI_10011492
O43818,CGI_10011499
P13055,CGI_10011509
P38117,CGI_10011511
Q1MTN8,CGI_10011517
Q60592,CGI_10011522
Q9Y2H9,CGI_10011523
Q13257,CGI_10011548
Q1JPD2,CGI_10011555
Q3UFB2,CGI_10011557
P27426,CGI_10011565
Q62398,CGI_10011566
Q9BXK5,CGI_10011586
P54611,CGI_10011587
Q8N0W4,CGI_10011612
Q8N9I0,CGI_10011633
Q49MI3,CGI_10011642
Q920A5,CGI_10011647
Q91WF7,CGI_10011666
P86789,CGI_10011678
P35858,CGI_10011696
Q6ZUX7,CGI_10011714
Q66II5,CGI_10011725
Q504Y2,CGI_10011728
Q99N34,CGI_10011743
Q6TH22,CGI_10011744
Q63632,CGI_10011748
Q96DB5,CGI_10011749
Q9WUA2,CGI_10011753
Q3UY96,CGI_10011755
Q6IE24,CGI_10011759
Q8BMB3,CGI_10011767
Q9ESN6,CGI_10011768
Q6GLI9,CGI_10011800
Q96AC1,CGI_10011808
Q9H7D7,CGI_10011810
O08605,CGI_10011819
Q8CF89,CGI_10011823
Q99M51,CGI_10011832
Q96SQ7,CGI_10011834
Q8IWF2,CGI_10011850
Q9VD44,CGI_10011863
Q9CY50,CGI_10011866
O75521,CGI_10011875
P78412,CGI_10011883
Q9TWL9,CGI_10011888
A5WH99,CGI_10011894
Q19673,CGI_10011913
Q868Z9,CGI_10011919
P79222,CGI_10011931
Q17QR6,CGI_10011937
P18293,CGI_10011947
P0CF52,CGI_10011956
Q3SZ31,CGI_10011977
Q9NVR2,CGI_10011978
O15457,CGI_10011979
O70583,CGI_10011985
Q7ZTY6,CGI_10011986
D2GXS7,CGI_10011987
P36407,CGI_10011992
D2GXS7,CGI_10011993
D2GXS7,CGI_10011999
Q91YU8,CGI_10012005
P0AGE7,CGI_10012025
A8MZA4,CGI_10012041
P23038,CGI_10012042
Q80XP9,CGI_10012069
Q91312,CGI_10012084
A4IF63,CGI_10012090
Q4R6T7,CGI_10012095
Q708S5,CGI_10012120
Q0P4S0,CGI_10012144
Q5HZH2,CGI_10012161
Q28H54,CGI_10012169
P70031,CGI_10012177
P05556,CGI_10012178
Q96B26,CGI_10012200
Q6NV26,CGI_10012202
Q91WN1,CGI_10012205
P46975,CGI_10012207
Q04896,CGI_10012208
Q04896,CGI_10012209
P84039,CGI_10012223
O70496,CGI_10012229
P21333,CGI_10012231
Q8BG60,CGI_10012235
D2GXS7,CGI_10012267
Q90XD2,CGI_10012293
P91766,CGI_10012299
P11678,CGI_10012306
A8WQH2,CGI_10012307
Q6ZRF8,CGI_10012312
Q5TEA3,CGI_10012326
A2AJ76,CGI_10012348
C7G0B5,CGI_10012352
Q9NL83,CGI_10012368
P70555,CGI_10012385
P83565,CGI_10012390
Q8IV50,CGI_10012402
P61007,CGI_10012406
P42029,CGI_10012428
Q5ZIN2,CGI_10012433
Q74LY0,CGI_10012436
Q54J55,CGI_10012437
Q8MQJ9,CGI_10012451
O70277,CGI_10012453
Q9Y5Q5,CGI_10012458
Q460N5,CGI_10012483
Q9Y345,CGI_10012490
Q15678,CGI_10012504
Q9XSW3,CGI_10012516
Q7YW31,CGI_10012534
Q9NDE7,CGI_10012542
Q9Y2Q3,CGI_10012550
Q06561,CGI_10012559
Q95221,CGI_10012579
Q8TDD1,CGI_10012605
Q3UCV8,CGI_10012613
Q63HQ0,CGI_10012618
Q495M3,CGI_10012622
Q1HRV8,CGI_10012626
Q9GZR5,CGI_10012627
Q6IQ26,CGI_10012637
Q6DFJ6,CGI_10012642
Q4UMH6,CGI_10012652
Q9N2W7,CGI_10012715
Q8BGB5,CGI_10012729
Q01459,CGI_10012733
P86952,CGI_10012743
Q9VF89,CGI_10012755
Q9P2F8,CGI_10012776
Q5UQ35,CGI_10012792
Q15911,CGI_10012804
Q8BX70,CGI_10012815
Q05AK9,CGI_10012833
Q9ESN6,CGI_10012834
O75382,CGI_10012863
Q92625,CGI_10012881
Q9D0N7,CGI_10012883
Q95LD9,CGI_10012885
P32583,CGI_10012887
Q801S4,CGI_10012926
Q7RTR2,CGI_10012965
Q9XZV3,CGI_10012977
P15043,CGI_10012993
Q8JG30,CGI_10012997
O55070,CGI_10013000
A4L691,CGI_10013007
O35165,CGI_10013013
P35224,CGI_10013025
Q6L8Q7,CGI_10013030
Q17QS1,CGI_10013035
Q8TDX9,CGI_10013037
Q64261,CGI_10013050
Q9WU78,CGI_10013051
P49640,CGI_10013056
Q30HU9,CGI_10013061
Q3UIL6,CGI_10013082
P25119,CGI_10013090
O08863,CGI_10013106
Q86XX4,CGI_10013124
Q9H0J9,CGI_10013131
P98060,CGI_10013133
P26007,CGI_10013155
Q32S26,CGI_10013170
O75382,CGI_10013173
Q8SPU6,CGI_10013175
P08953,CGI_10013178
Q6GN29,CGI_10013191
P04464,CGI_10013206
P23824,CGI_10013217
Q9JLR1,CGI_10013221
O88281,CGI_10013227
Q9UKK3,CGI_10013249
Q54J55,CGI_10013253
Q08882,CGI_10013270
P97739,CGI_10013311
Q9VL63,CGI_10013319
Q9ULJ7,CGI_10013331
Q0V9W6,CGI_10013345
Q9ULJ7,CGI_10013348
Q9ES30,CGI_10013362
Q86YI8,CGI_10013372
Q9GL21,CGI_10013399
Q5ZLS2,CGI_10013402
P04630,CGI_10013419
B1H285,CGI_10013425
Q66IC8,CGI_10013440
Q9Y297,CGI_10013447
Q6GM59,CGI_10013451
P84875,CGI_10013469
Q04202,CGI_10013492
Q9V9Z1,CGI_10013496
O95405,CGI_10013515
Q504A5,CGI_10013536
E5RJM6,CGI_10013542
Q5XG64,CGI_10013546
A4FUI1,CGI_10013574
Q862Z5,CGI_10013578
Q01414,CGI_10013593
D2GXS7,CGI_10013602
Q99758,CGI_10013628
Q13637,CGI_10013631
Q59E55,CGI_10013633
A2AG06,CGI_10013638
Q9EST3,CGI_10013643
P70705,CGI_10013657
P60924,CGI_10013666
Q6AX44,CGI_10013675
P91620,CGI_10013676
Q01989,CGI_10013678
Q9BY84,CGI_10013694
Q8WPW2,CGI_10013734
Q56R14,CGI_10013745
O14448,CGI_10013755
Q53G44,CGI_10013762
O95714,CGI_10013766
Q5G268,CGI_10013769
Q8BYF6,CGI_10013770
P86856,CGI_10013772
Q7Z2W4,CGI_10013774
Q7SY73,CGI_10013782
P34284,CGI_10013801
Q09654,CGI_10013817
Q6PFY8,CGI_10013821
Q58A42,CGI_10013827
Q58A42,CGI_10013828
Q8N0N3,CGI_10013834
Q00963,CGI_10013845
Q8CG79,CGI_10013846
P46825,CGI_10013847
P59325,CGI_10013849
Q9UGM3,CGI_10013874
Q502D1,CGI_10013920
A6NK06,CGI_10013925
P07201,CGI_10013928
P35659,CGI_10013930
Q5T200,CGI_10013935
Q5F2F2,CGI_10013936
P62138,CGI_10013946
P12036,CGI_10013948
Q9QY94,CGI_10013950
Q8CH18,CGI_10013954
P97532,CGI_10013955
Q26005,CGI_10013959
Q69YN4,CGI_10013984
Q96S06,CGI_10014004
Q8C0S1,CGI_10014014
Q6Q899,CGI_10014034
Q9BYX4,CGI_10014035
Q68LP1,CGI_10014040
Q5ZLA6,CGI_10014042
Q96A44,CGI_10014045
Q24767,CGI_10014049
O00170,CGI_10014050
Q8K4P0,CGI_10014054
Q8VCQ3,CGI_10014071
Q3SZJ4,CGI_10014073
O75382,CGI_10014077
Q1LZH1,CGI_10014080
Q0VFI9,CGI_10014093
Q5F464,CGI_10014107
Q5T0B9,CGI_10014118
Q17R13,CGI_10014120
P09487,CGI_10014130
Q6NWF4,CGI_10014146
Q15542,CGI_10014147
P38606,CGI_10014151
O46385,CGI_10014153
Q6PDJ1,CGI_10014167
P86856,CGI_10014170
P10039,CGI_10014178
Q5QJ74,CGI_10014181
Q9UI14,CGI_10014182
Q9P031,CGI_10014190
O75095,CGI_10014194
Q5FW48,CGI_10014198
Q6NW29,CGI_10014200
Q803T2,CGI_10014210
O75095,CGI_10014236
Q9VUL9,CGI_10014237
Q16TM5,CGI_10014242
P79401,CGI_10014251
Q8CHS2,CGI_10014254
Q9BXJ3,CGI_10014277
Q9ZPY2,CGI_10014280
Q58DA6,CGI_10014291
Q6V0I7,CGI_10014297
Q497V6,CGI_10014304
Q05609,CGI_10014307
Q56A06,CGI_10014319
Q9CW42,CGI_10014321
Q91YD4,CGI_10014328
Q9TV36,CGI_10014336
Q09621,CGI_10014342
Q967F4,CGI_10014372
Q923S6,CGI_10014381
A6QPN6,CGI_10014397
Q6NVF4,CGI_10014406
A1X283,CGI_10014410
Q54728,CGI_10014417
Q5R5M4,CGI_10014420
Q9WTY1,CGI_10014427
Q32ZL2,CGI_10014457
Q9NY97,CGI_10014463
Q8N3J2,CGI_10014467
Q6P6J9,CGI_10014478
P53988,CGI_10014488
Q6B9X6,CGI_10014491
C7G0B5,CGI_10014497
P05099,CGI_10014498
C7G0B5,CGI_10014502
Q5F408,CGI_10014506
Q25C93,CGI_10014518
P07463,CGI_10014520
P84339,CGI_10014522
O97341,CGI_10014525
Q812E0,CGI_10014557
O75352,CGI_10014565
Q5ZJI0,CGI_10014566
Q9V9J3,CGI_10014574
Q14678,CGI_10014575
Q8CHQ0,CGI_10014578
Q5R655,CGI_10014581
Q4V817,CGI_10014603
P56192,CGI_10014623
Q6PA35,CGI_10014631
Q8TDN6,CGI_10014651
Q3T178,CGI_10014658
P74148,CGI_10014683
Q3T127,CGI_10014701
P21369,CGI_10014709
Q58D15,CGI_10014710
P49793,CGI_10014712
P28024,CGI_10014715
P49579,CGI_10014722
Q84J37,CGI_10014740
Q9ESN6,CGI_10014743
Q5RL51,CGI_10014746
Q15797,CGI_10014747
Q5ZIE6,CGI_10014753
Q5XJS5,CGI_10014758
Q3T0L3,CGI_10014782
Q8BGN2,CGI_10014785
P55013,CGI_10014831
Q8K3A0,CGI_10014832
Q8BTV1,CGI_10014847
P61088,CGI_10014861
O95163,CGI_10014872
Q58EM4,CGI_10014880
Q3T106,CGI_10014883
Q5R5Y2,CGI_10014890
Q8K203,CGI_10014894
Q8K2L8,CGI_10014908
Q96P71,CGI_10014917
Q5T089,CGI_10014918
Q9VY77,CGI_10014920
Q92626,CGI_10014927
A4IGL7,CGI_10014928
Q91WT9,CGI_10014929
Q8K0U4,CGI_10014935
Q9VYY9,CGI_10014955
Q961D9,CGI_10014975
O95210,CGI_10014995
Q5SUE8,CGI_10015010
P14099,CGI_10015032
Q6P4Y0,CGI_10015051
P50533,CGI_10015060
Q8CFE5,CGI_10015072
Q6DN14,CGI_10015073
A8C754,CGI_10015082
P11497,CGI_10015102
Q9MYX8,CGI_10015119
Q8BGD9,CGI_10015124
A2A6A1,CGI_10015128
Q6PID6,CGI_10015146
Q5UAW9,CGI_10015148
B6E465,CGI_10015177
A3KPQ7,CGI_10015182
O95238,CGI_10015192
Q4KLT0,CGI_10015194
Q68FD5,CGI_10015202
D2GXS7,CGI_10015212
O75382,CGI_10015217
Q8VI24,CGI_10015221
F6ZQ54,CGI_10015224
Q5ZJP5,CGI_10015226
O70277,CGI_10015233
Q15431,CGI_10015254
Q96KG9,CGI_10015257
Q8IYT8,CGI_10015287
P51452,CGI_10015294
Q9NPA5,CGI_10015299
Q08J23,CGI_10015300
Q8TBB5,CGI_10015302
Q5BLK4,CGI_10015318
Q8NFZ3,CGI_10015320
P50430,CGI_10015369
Q5RHP9,CGI_10015401
Q3URK1,CGI_10015417
Q8C0X8,CGI_10015424
P15105,CGI_10015426
Q3T0D6,CGI_10015451
Q9C6B9,CGI_10015458
Q9Y5B0,CGI_10015459
Q5F3Z3,CGI_10015460
A4IGL7,CGI_10015472
P08630,CGI_10015507
Q7PR68,CGI_10015509
Q9QUS6,CGI_10015538
A5PKK7,CGI_10015560
P34056,CGI_10015578
Q8AWB5,CGI_10015587
P36975,CGI_10015600
Q642T7,CGI_10015605
P51452,CGI_10015616
P86854,CGI_10015627
Q91XN4,CGI_10015630
Q9NZQ8,CGI_10015636
Q5G267,CGI_10015645
Q9M0X9,CGI_10015679
O43301,CGI_10015710
Q90YI5,CGI_10015711
Q3TDN0,CGI_10015732
Q7TPH6,CGI_10015738
Q5E9G6,CGI_10015740
A4IH75,CGI_10015743
Q924A2,CGI_10015746
Q761V0,CGI_10015776
A7Y2X0,CGI_10015777
P83371,CGI_10015798
Q32LQ6,CGI_10015799
Q9CR95,CGI_10015804
P46088,CGI_10015808
Q13136,CGI_10015818
Q8C8H8,CGI_10015861
Q9Y6P5,CGI_10015868
Q6P5L8,CGI_10015884
Q5RAA9,CGI_10015886
Q86YJ7,CGI_10015899
Q15935,CGI_10015901
Q3UTY6,CGI_10015927
O00909,CGI_10015931
P91924,CGI_10015932
Q4AE28,CGI_10015952
Q6P8E9,CGI_10015969
P21439,CGI_10015979
P70031,CGI_10015982
Q96EQ9,CGI_10016009
Q4LDE5,CGI_10016016
C7G0B5,CGI_10016017
A4QN56,CGI_10016019
Q8BJ66,CGI_10016111
O13134,CGI_10016129
Q40784,CGI_10016135
P13908,CGI_10016138
Q90XB3,CGI_10016152
Q60769,CGI_10016154
Q8VCD6,CGI_10016172
Q54KA7,CGI_10016175
A0JPI9,CGI_10016178
Q55E58,CGI_10016213
Q8R0M8,CGI_10016217
Q96KP1,CGI_10016246
O57415,CGI_10016252
Q13951,CGI_10016254
P70080,CGI_10016258
Q5XK67,CGI_10016261
Q8K0U4,CGI_10016264
Q6P8U6,CGI_10016271
Q5F389,CGI_10016297
P46531,CGI_10016302
P17276,CGI_10016307
P29240,CGI_10016310
Q54J55,CGI_10016313
P42577,CGI_10016317
Q9H6U6,CGI_10016323
P26439,CGI_10016334
P41437,CGI_10016354
Q8JHV9,CGI_10016363
Q13490,CGI_10016364
Q8VHI6,CGI_10016382
Q96DA2,CGI_10016388
Q9BYB0,CGI_10016389
Q9QZ05,CGI_10016395
Q32LE3,CGI_10016406
Q54D75,CGI_10016407
Q17LW0,CGI_10016431
Q9EQZ7,CGI_10016437
O75886,CGI_10016438
Q53TQ3,CGI_10016441
A1L1F6,CGI_10016442
P70549,CGI_10016450
Q9P1Z9,CGI_10016472
Q9CQQ8,CGI_10016491
Q8C8M1,CGI_10016499
Q9QZE7,CGI_10016518
Q9WVC7,CGI_10016523
Q5F3L1,CGI_10016528
Q9QXN5,CGI_10016536
Q9Y2X3,CGI_10016539
Q86WZ6,CGI_10016544
Q15119,CGI_10016563
A2VD23,CGI_10016565
Q29RN6,CGI_10016621
Q1JQ99,CGI_10016624
Q9Y2I7,CGI_10016663
Q641C8,CGI_10016709
Q26636,CGI_10016721
Q5XIK8,CGI_10016724
P25169,CGI_10016743
Q3T0M0,CGI_10016752
Q689Z5,CGI_10016755
Q6IDD9,CGI_10016757
Q54U44,CGI_10016760
Q8BTI8,CGI_10016766
Q5EBL4,CGI_10016769
Q5SPX3,CGI_10016779
Q3USH5,CGI_10016784
Q62388,CGI_10016785
Q5ND28,CGI_10016787
O14495,CGI_10016795
Q28824,CGI_10016803
Q9R0M6,CGI_10016812
P79942,CGI_10016813
Q6KEQ9,CGI_10016818
Q5RC79,CGI_10016833
Q96BM9,CGI_10016837
Q6NWX7,CGI_10016856
P00522,CGI_10016858
Q8BND5,CGI_10016862
Q8CFH6,CGI_10016867
Q08C72,CGI_10016870
A5A4L1,CGI_10016890
O01393,CGI_10016933
O01393,CGI_10016934
Q03412,CGI_10016937
A8MPX8,CGI_10016939
P51147,CGI_10016941
Q9BZF3,CGI_10016942
Q9BTA9,CGI_10016943
Q03001,CGI_10016946
Q80ZA4,CGI_10016948
Q04861,CGI_10016949
Q9WUN2,CGI_10016954
Q14164,CGI_10016955
Q12893,CGI_10016960
O54904,CGI_10016984
Q6NS09,CGI_10016985
Q8BHY3,CGI_10016988
Q6Q899,CGI_10016990
Q28178,CGI_10016997
P79101,CGI_10017004
Q9D9G2,CGI_10017021
Q5R614,CGI_10017030
O75478,CGI_10017032
Q9NFT7,CGI_10017042
P91753,CGI_10017043
A0JPI9,CGI_10017082
B3MFV7,CGI_10017089
A2CG63,CGI_10017095
Q2T9S3,CGI_10017097
Q7Z0T3,CGI_10017107
Q61P40,CGI_10017108
P10983,CGI_10017112
Q9H2M3,CGI_10017122
Q4FZT2,CGI_10017126
Q7KZ85,CGI_10017142
O93530,CGI_10017151
O14522,CGI_10017170
Q6DK93,CGI_10017171
Q96Q07,CGI_10017188
P53569,CGI_10017190
Q58D31,CGI_10017194
Q99JB2,CGI_10017205
C0HBB2,CGI_10017207
P08472,CGI_10017210
Q8BZ20,CGI_10017222
P00367,CGI_10017227
O14562,CGI_10017235
Q4H3P5,CGI_10017254
Q99P55,CGI_10017264
P08953,CGI_10017269
Q5R9Y1,CGI_10017273
A0JM12,CGI_10017275
Q96A49,CGI_10017279
Q9JLL3,CGI_10017293
P04179,CGI_10017307
P26043,CGI_10017309
Q7ZWY2,CGI_10017311
Q3T0V9,CGI_10017333
Q3SZV2,CGI_10017339
Q7Z401,CGI_10017343
Q9GPR3,CGI_10017349
Q9HCU4,CGI_10017354
P51610,CGI_10017362
Q12739,CGI_10017371
Q6DRL5,CGI_10017404
P97526,CGI_10017406
Q9VEG6,CGI_10017426
Q9VNL4,CGI_10017440
Q8J0I9,CGI_10017457
Q4UMH6,CGI_10017458
P82596,CGI_10017462
Q9R0Q8,CGI_10017463
P68036,CGI_10017486
Q1LY77,CGI_10017490
Q9CQL5,CGI_10017508
Q95JT3,CGI_10017516
O95835,CGI_10017521
P54316,CGI_10017540
P0CI75,CGI_10017547
Q16829,CGI_10017553
Q99NH2,CGI_10017555
P84082,CGI_10017557
Q75A26,CGI_10017558
P91620,CGI_10017574
P04792,CGI_10017582
Q9VCA2,CGI_10017583
Q9ESN6,CGI_10017588
O00231,CGI_10017600
Q9UQ07,CGI_10017610
Q76KX8,CGI_10017643
O54910,CGI_10017654
Q9GYZ0,CGI_10017660
P00507,CGI_10017668
P62321,CGI_10017693
P00491,CGI_10017694
Q1RMU2,CGI_10017709
A5D9C6,CGI_10017710
Q9BYM8,CGI_10017711
Q6ZMY6,CGI_10017715
Q5XH95,CGI_10017741
Q502B3,CGI_10017748
Q8QGW7,CGI_10017759
O43174,CGI_10017766
A4IF63,CGI_10017777
Q6DIB5,CGI_10017829
Q9C0D9,CGI_10017839
Q5RB02,CGI_10017854
P07207,CGI_10017875
O09037,CGI_10017879
Q13360,CGI_10017904
Q9H5Z1,CGI_10017920
Q8TE73,CGI_10017921
P25386,CGI_10017922
P27048,CGI_10017925
Q5DWN0,CGI_10017941
Q9C0D7,CGI_10017955
Q9NDM2,CGI_10017965
P78814,CGI_10017969
Q17RB8,CGI_10017977
P86952,CGI_10017983
P35953,CGI_10017985
Q54J55,CGI_10017987
P08183,CGI_10017999
Q3MHR7,CGI_10018003
Q6NZM9,CGI_10018006
Q05974,CGI_10018017
P17139,CGI_10018039
P17140,CGI_10018042
Q9Z306,CGI_10018043
Q9NWZ3,CGI_10018046
Q8VDI9,CGI_10018047
Q01240,CGI_10018067
Q69ZR9,CGI_10018069
Q2YDN4,CGI_10018075
Q5ZJC8,CGI_10018092
Q5U2U0,CGI_10018128
Q8CC21,CGI_10018193
Q9Y333,CGI_10018216
P52434,CGI_10018220
A1ZA47,CGI_10018227
Q8BS45,CGI_10018228
Q6DI48,CGI_10018250
Q9EQQ2,CGI_10018262
Q6V1P9,CGI_10018265
Q9CXK4,CGI_10018302
Q0VCA2,CGI_10018308
A3KPW7,CGI_10018310
Q6P5U7,CGI_10018353
Q08BY5,CGI_10018360
Q86WI1,CGI_10018362
P86854,CGI_10018364
Q96M20,CGI_10018371
Q0VC00,CGI_10018386
Q2TGI8,CGI_10018390
Q6DFV5,CGI_10018402
P42694,CGI_10018403
Q8K0V2,CGI_10018404
E7FDW8,CGI_10018438
Q86W10,CGI_10018439
Q3SZZ7,CGI_10018449
Q9Z1G4,CGI_10018452
P18075,CGI_10018454
Q9VN14,CGI_10018458
P83298,CGI_10018476
Q9NQP4,CGI_10018483
Q2T9Q1,CGI_10018486
A9ULZ2,CGI_10018493
Q5EA55,CGI_10018495
P31409,CGI_10018499
P22411,CGI_10018522
O75596,CGI_10018554
Q9UBS5,CGI_10018563
Q6GL69,CGI_10018564
P41562,CGI_10018568
Q6ING7,CGI_10018574
P18503,CGI_10018585
Q9NWT6,CGI_10018615
P48380,CGI_10018619
Q05B58,CGI_10018653
P41970,CGI_10018669
Q5EBH1,CGI_10018670
Q61555,CGI_10018675
Q96SL1,CGI_10018682
O95490,CGI_10018684
Q5IS54,CGI_10018748
Q8BLQ7,CGI_10018756
Q5ZLD3,CGI_10018773
Q9NRH2,CGI_10018778
P48818,CGI_10018790
P46023,CGI_10018794
D2GXS7,CGI_10018806
Q9BXW7,CGI_10018828
Q7RTX9,CGI_10018849
Q7RTX9,CGI_10018851
Q63312,CGI_10018855
D2GXS7,CGI_10018861
P28828,CGI_10018870
Q60997,CGI_10018871
Q5RAS6,CGI_10018882
Q9JK83,CGI_10018886
Q9UBH6,CGI_10018887
Q54KD0,CGI_10018891
Q9Z0Z5,CGI_10018892
D2GXS7,CGI_10018896
Q39056,CGI_10018911
O77245,CGI_10018913
B4M5X4,CGI_10018921
P06603,CGI_10018930
Q96K80,CGI_10018970
Q8N884,CGI_10018973
P35663,CGI_10019003
Q8JHV9,CGI_10019017
Q8NC67,CGI_10019027
Q8R116,CGI_10019032
P82600,CGI_10019040
P31695,CGI_10019042
P10620,CGI_10019049
Q8JFN7,CGI_10019062
Q9NWM3,CGI_10019068
Q9VUI3,CGI_10019071
Q9BYN7,CGI_10019085
Q9VB74,CGI_10019100
Q0IH24,CGI_10019127
Q99K82,CGI_10019135
Q9NZJ4,CGI_10019154
Q14CX7,CGI_10019156
Q9W107,CGI_10019167
Q9DC28,CGI_10019169
Q6ZVD7,CGI_10019173
P22570,CGI_10019176
O94901,CGI_10019177
Q558Z0,CGI_10019203
P56193,CGI_10019213
Q5REX3,CGI_10019235
Q8VHY0,CGI_10019237
Q9JME5,CGI_10019240
Q8K021,CGI_10019241
Q15262,CGI_10019259
Q0EEE2,CGI_10019265
Q2VIU1,CGI_10019266
Q8WWF8,CGI_10019267
P80601,CGI_10019274
P82979,CGI_10019286
P82186,CGI_10019289
P82186,CGI_10019290
O43299,CGI_10019308
Q8IUS5,CGI_10019315
Q24498,CGI_10019325
Q9CXE6,CGI_10019332
Q3B7G7,CGI_10019336
A4IF63,CGI_10019358
A9JTP3,CGI_10019361
Q0VCJ7,CGI_10019371
P41436,CGI_10019372
Q60803,CGI_10019401
Q810V0,CGI_10019402
P0CP98,CGI_10019403
Q9FVX1,CGI_10019426
Q9NS37,CGI_10019433
Q2TBP2,CGI_10019436
Q5REV9,CGI_10019440
Q6AZH6,CGI_10019454
Q4UMH6,CGI_10019477
Q8CFA2,CGI_10019480
Q8N3P4,CGI_10019492
Q4LDE5,CGI_10019506
Q4R6K2,CGI_10019513
Q2KHT3,CGI_10019527
Q6P6Z8,CGI_10019543
Q6PHN1,CGI_10019548
P12276,CGI_10019552
P19073,CGI_10019570
Q8BYN3,CGI_10019571
Q9IAT6,CGI_10019574
Q505D1,CGI_10019577
P43686,CGI_10019584
P82968,CGI_10019606
Q3ZBG4,CGI_10019614
A6NEE1,CGI_10019630
Q9XZC8,CGI_10019638
Q9W596,CGI_10019640
O15014,CGI_10019641
Q9UQ03,CGI_10019658
P82987,CGI_10019661
Q8CHH5,CGI_10019667
Q9Y5G3,CGI_10019684
O43909,CGI_10019686
A5YM72,CGI_10019704
Q689D1,CGI_10019719
Q8BUR3,CGI_10019731
P34410,CGI_10019735
A2BFP5,CGI_10019739
Q9DE46,CGI_10019751
P68371,CGI_10019752
Q9ULT8,CGI_10019756
O14678,CGI_10019757
Q9VE46,CGI_10019763
Q9NWY4,CGI_10019764
Q8CGC6,CGI_10019769
Q8VI56,CGI_10019780
B0BNA5,CGI_10019790
Q9VN14,CGI_10019808
Q24JY6,CGI_10019815
Q4R7I0,CGI_10019828
Q9Y1A3,CGI_10019830
P11833,CGI_10019835
P52503,CGI_10019857
Q5EA11,CGI_10019868
O19071,CGI_10019875
Q09326,CGI_10019876
A0JMQ9,CGI_10019877
Q9JLC8,CGI_10019898
Q5M7P5,CGI_10019899
Q6PFY8,CGI_10019905
F6QV99,CGI_10019914
Q8C1Z8,CGI_10019916
B2RVL6,CGI_10019918
Q92503,CGI_10019919
P09661,CGI_10019926
Q9ULJ7,CGI_10019944
O44252,CGI_10019985
O95450,CGI_10020042
O95450,CGI_10020043
P42325,CGI_10020069
Q72LL6,CGI_10020077
Q7L9B9,CGI_10020092
Q5ZJ75,CGI_10020094
Q10982,CGI_10020113
P20918,CGI_10020124
Q2HJC9,CGI_10020139
Q3UK37,CGI_10020158
D2GXS7,CGI_10020172
Q9VVY3,CGI_10020195
Q5ZJW6,CGI_10020196
O15550,CGI_10020202
Q17QK8,CGI_10020213
Q6DF30,CGI_10020229
Q8C6K9,CGI_10020232
Q9P021,CGI_10020240
Q8NFF2,CGI_10020244
Q8LFJ5,CGI_10020256
A0R4R3,CGI_10020287
Q9EPW2,CGI_10020309
Q96BR5,CGI_10020319
P16621,CGI_10020325
Q8N0W5,CGI_10020346
Q8R3N6,CGI_10020361
P32240,CGI_10020367
Q2PFD7,CGI_10020375
Q6L5F5,CGI_10020379
Q8WXR4,CGI_10020388
Q71FD5,CGI_10020396
P84060,CGI_10020405
Q5E9S4,CGI_10020410
P27600,CGI_10020412
P41233,CGI_10020425
Q80TS3,CGI_10020428
Q2T9W3,CGI_10020431
Q9CSH3,CGI_10020442
Q17G75,CGI_10020477
P49025,CGI_10020485
O01369,CGI_10020488
Q9Y6W6,CGI_10020490
Q2T9Z7,CGI_10020492
Q96PN7,CGI_10020500
B0CLX4,CGI_10020526
P55196,CGI_10020544
Q9BYK8,CGI_10020563
Q9WVS8,CGI_10020574
P98164,CGI_10020590
Q3YBR2,CGI_10020595
A8MXE2,CGI_10020603
P79393,CGI_10020617
Q3SZ21,CGI_10020623
Q6V4S5,CGI_10020626
P35832,CGI_10020627
P26652,CGI_10020628
P26652,CGI_10020629
P79081,CGI_10020631
Q8C4J7,CGI_10020641
P81693,CGI_10020656
P51893,CGI_10020662
Q01262,CGI_10020667
A2AHJ4,CGI_10020687
Q86SQ9,CGI_10020688
P34927,CGI_10020694
Q66L33,CGI_10020699
Q9UGM3,CGI_10020700
Q969X6,CGI_10020714
P78417,CGI_10020716
P51452,CGI_10020751
Q9BYX4,CGI_10020752
Q7SYH5,CGI_10020757
Q6FY25,CGI_10020761
Q6ZMT9,CGI_10020762
Q8NEZ2,CGI_10020778
Q8AXY6,CGI_10020781
Q96A72,CGI_10020782
Q9H3H1,CGI_10020789
Q14738,CGI_10020816
Q91W63,CGI_10020847
P08478,CGI_10020857
P10040,CGI_10020870
Q40588,CGI_10020885
Q3UP23,CGI_10020904
Q8N6T7,CGI_10020906
Q8N6T7,CGI_10020907
Q3T078,CGI_10020908
Q8CFD4,CGI_10020910
Q99020,CGI_10020922
Q9PW71,CGI_10020938
P17988,CGI_10020947
Q4R6F0,CGI_10020952
Q22523,CGI_10020957
O43301,CGI_10020963
Q8C522,CGI_10020964
Q8BNL5,CGI_10020985
Q640H3,CGI_10020995
Q5M7D6,CGI_10020996
Q9V5N8,CGI_10020998
B8DBZ5,CGI_10021003
Q8AVJ1,CGI_10021027
Q8CI66,CGI_10021033
Q9NTJ4,CGI_10021044
O75382,CGI_10021055
Q9DC26,CGI_10021057
Q9HCE3,CGI_10021068
Q80XC3,CGI_10021094
Q8IZN3,CGI_10021099
Q9ESN6,CGI_10021103
Q9ULJ7,CGI_10021111
Q9Y3A2,CGI_10021135
P34504,CGI_10021151
Q8BLJ3,CGI_10021158
Q9JIK5,CGI_10021169
Q98925,CGI_10021171
Q5FVK8,CGI_10021173
Q8CG80,CGI_10021178
A5D787,CGI_10021221
Q921M7,CGI_10021232
Q921R4,CGI_10021233
Q15392,CGI_10021243
O60930,CGI_10021260
Q2TJ95,CGI_10021271
Q9H0J4,CGI_10021300
Q9Y2M2,CGI_10021312
Q2HJ23,CGI_10021322
Q53WP9,CGI_10021359
P22129,CGI_10021368
Q8TE68,CGI_10021428
Q9C102,CGI_10021435
Q8IPH9,CGI_10021478
Q9VHI4,CGI_10021512
Q6ZNB6,CGI_10021529
Q05086,CGI_10021530
O88995,CGI_10021534
Q6PIJ6,CGI_10021535
Q86WC4,CGI_10021550
Q8C0R9,CGI_10021564
P15330,CGI_10021567
O43670,CGI_10021607
P42577,CGI_10021660
Q99758,CGI_10021664
Q6PJ21,CGI_10021665
Q66KD0,CGI_10021668
D2GXS7,CGI_10021670
P55884,CGI_10021675
Q91YE8,CGI_10021682
Q10982,CGI_10021686
Q2MJT0,CGI_10021701
Q3SZR9,CGI_10021703
Q8NI22,CGI_10021706
Q76KB1,CGI_10021713
O42354,CGI_10021730
Q9VZZ4,CGI_10021732
Q9VEG6,CGI_10021733
Q8SPE8,CGI_10021739
O60303,CGI_10021771
P42839,CGI_10021774
F7H9X2,CGI_10021781
Q9CQP2,CGI_10021788
Q5RDH5,CGI_10021816
Q90YL3,CGI_10021818
P26446,CGI_10021822
Q9BRJ6,CGI_10021823
Q9V727,CGI_10021825
O54922,CGI_10021830
O97394,CGI_10021837
Q6DCP1,CGI_10021842
Q5SXM1,CGI_10021844
Q24562,CGI_10021851
P00516,CGI_10021856
P13214,CGI_10021861
P43090,CGI_10021885
D2GXS7,CGI_10021887
O95714,CGI_10021893
Q9BDN4,CGI_10021907
Q96LT4,CGI_10021908
Q7ZUC7,CGI_10021909
Q8C525,CGI_10021912
O75628,CGI_10021927
Q9P2D1,CGI_10021932
P24928,CGI_10021948
O93279,CGI_10021951
Q8BN82,CGI_10021952
Q8N4W9,CGI_10021956
P14868,CGI_10021957
Q8TCU5,CGI_10021966
Q13946,CGI_10021970
Q86SG6,CGI_10021977
Q8JFY9,CGI_10021985
Q9JKA9,CGI_10021997
Q8CI78,CGI_10022009
Q7PPA5,CGI_10022016
Q8JIY1,CGI_10022031
Q9H892,CGI_10022033
Q9Y597,CGI_10022035
O35186,CGI_10022039
P23610,CGI_10022040
Q9BXB1,CGI_10022069
Q96BY7,CGI_10022070
Q9Y600,CGI_10022071
Q29RQ5,CGI_10022073
A4V8B4,CGI_10022075
Q55EX9,CGI_10022081
Q761V0,CGI_10022089
P24733,CGI_10022093
P14866,CGI_10022095
B2GV54,CGI_10022129
O02654,CGI_10022154
Q5ZK62,CGI_10022157
Q0P6D6,CGI_10022176
A7Z035,CGI_10022178
O88279,CGI_10022206
P53801,CGI_10022215
O43301,CGI_10022220
Q5C9L6,CGI_10022230
Q5D1E8,CGI_10022236
Q8BJ64,CGI_10022237
Q27IV2,CGI_10022245
Q9JIX8,CGI_10022251
D3YXS5,CGI_10022253
Q5RDP4,CGI_10022255
Q5UQA6,CGI_10022258
Q70LM4,CGI_10022260
A5YM72,CGI_10022269
Q8R3F5,CGI_10022276
Q03566,CGI_10022296
O94956,CGI_10022301
Q6DFF9,CGI_10022310
Q9Y272,CGI_10022319
Q61382,CGI_10022362
P42297,CGI_10022383
Q05976,CGI_10022399
O43184,CGI_10022401
P13668,CGI_10022430
Q8IV03,CGI_10022433
A4FV97,CGI_10022434
Q9ULT8,CGI_10022450
Q5IRJ6,CGI_10022460
Q70E20,CGI_10022465
Q6KEQ9,CGI_10022471
Q8BJ56,CGI_10022479
Q9ET66,CGI_10022481
Q6ZV73,CGI_10022502
Q8K0U4,CGI_10022512
Q8N3X1,CGI_10022526
Q9WUF4,CGI_10022529
Q08AE8,CGI_10022542
Q8NFP9,CGI_10022557
Q7YQK4,CGI_10022559
P70302,CGI_10022563
Q8K0U4,CGI_10022586
Q6PHS6,CGI_10022616
Q9UDR5,CGI_10022643
O89049,CGI_10022651
A0PQX0,CGI_10022672
A4IF63,CGI_10022686
O94673,CGI_10022696
Q5NC05,CGI_10022697
Q9C0D2,CGI_10022699
P30163,CGI_10022729
O17320,CGI_10022730
Q2Q0I9,CGI_10022746
P46088,CGI_10022749
Q96SB3,CGI_10022771
Q7TNC8,CGI_10022779
O75897,CGI_10022780
P46425,CGI_10022784
P70587,CGI_10022804
Q9Y2D1,CGI_10022808
Q09502,CGI_10022812
O54898,CGI_10022821
Q27128,CGI_10022824
Q5ZJX0,CGI_10022855
Q80XI3,CGI_10022856
Q8C3S2,CGI_10022889
Q96A56,CGI_10022898
D2GXS7,CGI_10022911
Q9NBX4,CGI_10022918
P70032,CGI_10022933
Q61321,CGI_10022945
A8E5V9,CGI_10022970
Q8R5F7,CGI_10022973
P18146,CGI_10022978
Q5ZKN5,CGI_10022981
O01761,CGI_10022996
A2ASS6,CGI_10022998
A2ASS6,CGI_10022999
A5PJQ2,CGI_10023034
A2VD23,CGI_10023068
P08640,CGI_10023096
D0PRN3,CGI_10023108
A1XQX0,CGI_10023109
Q9Y2B1,CGI_10023131
Q9CPX7,CGI_10023161
Q3UYG8,CGI_10023174
Q6TMK8,CGI_10023183
Q8C419,CGI_10023194
A2A7Y5,CGI_10023242
Q3U4G3,CGI_10023243
P49193,CGI_10023255
O88545,CGI_10023273
Q9ERA9,CGI_10023276
Q90344,CGI_10023292
O46639,CGI_10023293
O93603,CGI_10023294
Q9UBE8,CGI_10023305
O01761,CGI_10023348
Q9NU19,CGI_10023349
P20241,CGI_10023359
P59998,CGI_10023363
Q96C86,CGI_10023368
Q7Z0T3,CGI_10023400
Q2TBS4,CGI_10023401
O70277,CGI_10023411
Q8K3I9,CGI_10023420
P55214,CGI_10023426
P55210,CGI_10023427
Q09003,CGI_10023429
A4IHT0,CGI_10023430
Q11098,CGI_10023433
P05934,CGI_10023457
Q4ZJM9,CGI_10023473
O15164,CGI_10023474
Q8N884,CGI_10023477
Q6P5L8,CGI_10023479
Q8CFE4,CGI_10023484
Q8NEA6,CGI_10023493
Q5SQN1,CGI_10023501
Q00651,CGI_10023513
O73787,CGI_10023519
P50739,CGI_10023541
Q9QXX8,CGI_10023570
Q9NUS5,CGI_10023576
Q6ZNA5,CGI_10023580
B7Z0K8,CGI_10023592
A8E7G4,CGI_10023611
A4IF63,CGI_10023622
Q64HZ9,CGI_10023627
O75382,CGI_10023635
Q5ZKP7,CGI_10023636
Q8NCJ5,CGI_10023641
P49282,CGI_10023642
Q6UWR7,CGI_10023657
Q5REM2,CGI_10023666
P41924,CGI_10023671
Q86WB7,CGI_10023673
Q6XUX3,CGI_10023676
Q61143,CGI_10023708
Q8C3P7,CGI_10023713
Q63118,CGI_10023718
Q24537,CGI_10023724
Q9P287,CGI_10023741
Q9JI18,CGI_10023746
Q9JIL8,CGI_10023761
P10533,CGI_10023786
Q6ZFT5,CGI_10023797
Q10984,CGI_10023807
Q9TU53,CGI_10023823
D2GXS7,CGI_10023842
Q9U2M7,CGI_10023849
Q08E11,CGI_10023850
Q99MH6,CGI_10023852
Q8TB40,CGI_10023855
Q68ED3,CGI_10023856
P00978,CGI_10023871
O75864,CGI_10023874
Q14BI7,CGI_10023875
P41041,CGI_10023898
O97562,CGI_10023899
P52432,CGI_10023906
Q7ZV00,CGI_10023911
Q498J5,CGI_10023920
P24507,CGI_10023929
Q2QKL5,CGI_10023930
P54315,CGI_10023932
O60879,CGI_10023934
P57088,CGI_10023954
P22232,CGI_10023956
P05450,CGI_10023959
O89110,CGI_10023961
Q96IG2,CGI_10023981
O43663,CGI_10023983
E7F888,CGI_10023987
P56721,CGI_10023990
B0JZG0,CGI_10023991
Q568Q0,CGI_10023992
Q9V3H2,CGI_10024016
Q3MI03,CGI_10024019
Q91WS4,CGI_10024033
Q99816,CGI_10024037
O15990,CGI_10024057
P34147,CGI_10024060
P34147,CGI_10024063
P34147,CGI_10024064
A1L2P5,CGI_10024087
P86854,CGI_10024093
O05972,CGI_10024095
B1WAP7,CGI_10024106
Q8WZ73,CGI_10024107
Q9UEE5,CGI_10024113
Q66IV1,CGI_10024116
A2A5Z6,CGI_10024137
A4QN59,CGI_10024141
Q2T9U5,CGI_10024143
Q502M8,CGI_10024144
Q8TEK3,CGI_10024148
Q91YN9,CGI_10024149
Q39610,CGI_10024171
Q86X52,CGI_10024187
Q6NXI6,CGI_10024188
Q66J54,CGI_10024190
Q90844,CGI_10024194
Q9NRF2,CGI_10024241
Q9NRF2,CGI_10024242
P69525,CGI_10024248
P26670,CGI_10024264
Q6NW85,CGI_10024285
Q9JMD3,CGI_10024298
O61492,CGI_10024320
O15145,CGI_10024321
P34488,CGI_10024329
Q9IG45,CGI_10024351
Q6PCN3,CGI_10024360
Q8NBN3,CGI_10024364
Q99N01,CGI_10024389
Q924S7,CGI_10024390
Q6Q899,CGI_10024392
Q5R476,CGI_10024423
Q4KLI9,CGI_10024437
Q15661,CGI_10024441
P26232,CGI_10024442
P52827,CGI_10024463
Q3UVC0,CGI_10024469
Q5EAJ7,CGI_10024475
P55212,CGI_10024480
Q3ZBL5,CGI_10024491
O75382,CGI_10024507
Q5ZLD7,CGI_10024530
Q8BGA5,CGI_10024541
P54001,CGI_10024543
Q9D7H3,CGI_10024562
Q6DD30,CGI_10024566
O17320,CGI_10024572
Q8N7M0,CGI_10024576
P12716,CGI_10024579
Q3SYS1,CGI_10024584
O54904,CGI_10024598
E1C2Z0,CGI_10024637
Q7ZXF1,CGI_10024641
Q9CQE3,CGI_10024662
Q6DF57,CGI_10024673
O43399,CGI_10024680
E1C1L6,CGI_10024693
O54698,CGI_10024695
Q6AZN8,CGI_10024699
Q5BIM1,CGI_10024732
Q64505,CGI_10024740
O75051,CGI_10024776
P16056,CGI_10024777
P35458,CGI_10024778
Q5PQ09,CGI_10024792
Q5R5L7,CGI_10024806
Q6TH15,CGI_10024813
Q3USW5,CGI_10024817
Q8N0N9,CGI_10024826
Q4R372,CGI_10024835
Q69ZJ7,CGI_10024844
Q9JI92,CGI_10024846
Q8MJ08,CGI_10024858
Q90596,CGI_10024861
P53667,CGI_10024885
P49581,CGI_10024901
Q61001,CGI_10024906
P82251,CGI_10024966
Q6QQT1,CGI_10024973
P45844,CGI_10024982
Q00547,CGI_10024986
Q8BKX6,CGI_10024989
Q8TBP0,CGI_10024995
Q6DBY0,CGI_10025004
Q7T141,CGI_10025006
P97399,CGI_10025010
A4IHB9,CGI_10025011
Q5BKR2,CGI_10025012
D3Z3C6,CGI_10025015
Q9SF85,CGI_10025016
Q4R6C2,CGI_10025023
Q7KRY7,CGI_10025025
Q5RID7,CGI_10025029
Q9Y6T7,CGI_10025034
Q8AWG6,CGI_10025054
Q9Y0Y6,CGI_10025059
Q8N3Y1,CGI_10025065
Q5TAA0,CGI_10025069
Q689D1,CGI_10025070
Q9Y6Q3,CGI_10025152
P59889,CGI_10025188
P15858,CGI_10025189
Q6ZWJ8,CGI_10025225
O95433,CGI_10025227
Q9N0E7,CGI_10025237
Q9HAR2,CGI_10025240
Q8C3X4,CGI_10025251
Q95LH1,CGI_10025253
O94469,CGI_10025261
Q4R8M9,CGI_10025272
Q5SXM1,CGI_10025289
Q3T0Y3,CGI_10025309
P15651,CGI_10025345
Q5ZM55,CGI_10025357
Q7TPQ9,CGI_10025361
Q9H2B2,CGI_10025365
Q9CQS5,CGI_10025368
O75575,CGI_10025371
P20749,CGI_10025374
Q5ZJH7,CGI_10025384
Q9Y2E4,CGI_10025385
P96576,CGI_10025387
Q6A070,CGI_10025397
A3KMZ6,CGI_10025404
Q5USV7,CGI_10025420
P55013,CGI_10025442
Q00808,CGI_10025443
B6NK32,CGI_10025446
A1ZA47,CGI_10025486
Q1LY51,CGI_10025491
Q5SZD4,CGI_10025506
Q14517,CGI_10025536
Q14690,CGI_10025541
O75382,CGI_10025552
Q9GP32,CGI_10025556
Q5VU97,CGI_10025569
Q6PDJ1,CGI_10025571
Q6PDJ1,CGI_10025572
Q9BXJ4,CGI_10025581
P97432,CGI_10025593
O75460,CGI_10025604
Q6ZPJ0,CGI_10025607
O08796,CGI_10025610
Q94519,CGI_10025621
Q9WU22,CGI_10025634
P29074,CGI_10025636
P47825,CGI_10025646
P20239,CGI_10025649
Q922M3,CGI_10025652
Q09254,CGI_10025658
Q8K2Y7,CGI_10025661
Q4R7D9,CGI_10025667
O13016,CGI_10025668
Q8IRC7,CGI_10025669
Q8SX83,CGI_10025682
Q5RFT1,CGI_10025684
Q4R8T0,CGI_10025686
Q9CWL2,CGI_10025689
P42898,CGI_10025706
Q12962,CGI_10025714
Q2XWK0,CGI_10025718
P52430,CGI_10025727
P82929,CGI_10025756
Q02844,CGI_10025757
C3YWU0,CGI_10025762
Q58EA2,CGI_10025768
O15042,CGI_10025795
Q28247,CGI_10025801
Q9VGG5,CGI_10025806
P80147,CGI_10025808
Q5E9E1,CGI_10025810
Q11179,CGI_10025818
Q12857,CGI_10025830
O42603,CGI_10025861
Q9GMT4,CGI_10025870
A4IHB9,CGI_10025881
O75382,CGI_10025908
P02566,CGI_10025912
P53992,CGI_10025924
P42285,CGI_10025938
C8YR32,CGI_10025946
P23913,CGI_10025955
P09661,CGI_10025974
P41436,CGI_10025992
Q8WY64,CGI_10025995
Q8NCN5,CGI_10025996
P40427,CGI_10026001
A2SWM2,CGI_10026002
Q8TDI0,CGI_10026011
P05307,CGI_10026048
Q5RD58,CGI_10026049
P31396,CGI_10026051
P63329,CGI_10026072
Q9Y3C5,CGI_10026087
Q99836,CGI_10026092
O14490,CGI_10026094
A8QMS7,CGI_10026099
P59222,CGI_10026103
Q9DGD1,CGI_10026109
P51661,CGI_10026121
Q8K224,CGI_10026126
P47813,CGI_10026140
P31580,CGI_10026159
Q9JIM4,CGI_10026177
O15182,CGI_10026181
Q922Y0,CGI_10026182
Q11002,CGI_10026186
Q5USV7,CGI_10026196
Q8UWD8,CGI_10026197
Q5JXM2,CGI_10026210
Q49LS8,CGI_10026220
A2VDL9,CGI_10026244
Q3UCQ1,CGI_10026255
Q8TBF5,CGI_10026258
Q12829,CGI_10026279
P47809,CGI_10026280
O43490,CGI_10026281
Q9H3J6,CGI_10026282
Q63ZK1,CGI_10026290
Q5E9U9,CGI_10026301
O02755,CGI_10026302
P53567,CGI_10026303
P53567,CGI_10026304
Q9JLY0,CGI_10026308
Q8QZR1,CGI_10026312
Q8C2L6,CGI_10026315
Q8JHV9,CGI_10026316
A4QNN3,CGI_10026335
Q28D99,CGI_10026339
Q55CD9,CGI_10026349
Q5ZKM1,CGI_10026351
Q5R723,CGI_10026365
P08953,CGI_10026389
Q5ZK47,CGI_10026400
Q91560,CGI_10026403
Q9DC53,CGI_10026413
P46935,CGI_10026424
Q86YP4,CGI_10026425
Q96AX9,CGI_10026441
Q3MIS6,CGI_10026462
Q96CS7,CGI_10026485
Q8TF01,CGI_10026495
P74148,CGI_10026502
A2VCZ5,CGI_10026509
O44437,CGI_10026510
Q9H7F0,CGI_10026516
P10079,CGI_10026527
Q6DC77,CGI_10026543
P54513,CGI_10026547
Q921C5,CGI_10026552
Q9VUL9,CGI_10026557
Q01622,CGI_10026562
P17278,CGI_10026565
Q9H0M5,CGI_10026566
Q32L00,CGI_10026573
O70583,CGI_10026580
Q8TDM6,CGI_10026587
Q5HZH2,CGI_10026589
Q96QU8,CGI_10026590
O54904,CGI_10026593
P86955,CGI_10026599
P86955,CGI_10026600
P86955,CGI_10026601
Q91XA9,CGI_10026605
Q9QXV1,CGI_10026606
Q02338,CGI_10026609
Q6NVP6,CGI_10026617
Q7YW31,CGI_10026626
Q23551,CGI_10026641
P42662,CGI_10026643
O08837,CGI_10026645
Q8N8A2,CGI_10026646
P46939,CGI_10026649
P11532,CGI_10026650
Q28165,CGI_10026652
Q6ZR52,CGI_10026653
Q6UXC1,CGI_10026678
Q9QXM1,CGI_10026695
Q9BLJ6,CGI_10026703
Q6AYP4,CGI_10026713
Q9UHC1,CGI_10026714
Q8N9I9,CGI_10026732
P62501,CGI_10026739
Q24523,CGI_10026742
Q10725,CGI_10026773
Q5BIM1,CGI_10026779
Q3UHR0,CGI_10026785
Q12767,CGI_10026787
Q640Z9,CGI_10026788
Q5ZMU0,CGI_10026789
Q9ESM0,CGI_10026811
Q5RDQ2,CGI_10026838
P30170,CGI_10026847
O62640,CGI_10026855
Q24306,CGI_10026857
P41436,CGI_10026858
Q68FX0,CGI_10026892
Q02395,CGI_10026896
Q01664,CGI_10026909
O43303,CGI_10026926
Q8NFG4,CGI_10026927
P11678,CGI_10026934
E1C2V1,CGI_10026935
Q9V576,CGI_10026939
Q5GH67,CGI_10026940
Q8VDX6,CGI_10026957
P21333,CGI_10026966
Q0VFV7,CGI_10026973
A5D7J3,CGI_10026976
Q9NY25,CGI_10026977
Q32L27,CGI_10026978
Q9UGM3,CGI_10026985
O14975,CGI_10026986
O88572,CGI_10026995
Q9EQG6,CGI_10026998
P49013,CGI_10027000
P19493,CGI_10027013
A1E295,CGI_10027022
Q6ZRK6,CGI_10027023
P08799,CGI_10027026
Q06136,CGI_10027045
Q9R101,CGI_10027095
Q90ZK6,CGI_10027096
Q5T1A1,CGI_10027105
Q9U5L1,CGI_10027126
Q3MHE8,CGI_10027127
Q5ZHW4,CGI_10027132
Q20930,CGI_10027133
Q9FWW6,CGI_10027134
Q9WU81,CGI_10027135
Q66KL9,CGI_10027136
Q8K0U4,CGI_10027140
Q09225,CGI_10027141
Q7ZXX1,CGI_10027151
P86179,CGI_10027161
Q96WV6,CGI_10027183
Q01484,CGI_10027204
Q4R5P6,CGI_10027205
Q8R3B7,CGI_10027225
Q8VC51,CGI_10027228
P49902,CGI_10027233
P91580,CGI_10027262
Q8CI08,CGI_10027272
Q9VE00,CGI_10027291
Q6VNB8,CGI_10027298
O35115,CGI_10027326
O43900,CGI_10027327
Q13003,CGI_10027344
Q27954,CGI_10027347
Q9UBL0,CGI_10027348
Q9LIK5,CGI_10027355
Q8TAQ2,CGI_10027383
O43704,CGI_10027400
Q9ESX4,CGI_10027403
Q9UPT8,CGI_10027404
Q0P4Y8,CGI_10027411
Q9BYK8,CGI_10027441
Q26481,CGI_10027446
Q80TR8,CGI_10027448
P10079,CGI_10027449
Q80UC8,CGI_10027460
Q4I963,CGI_10027462
Q03333,CGI_10027463
Q29471,CGI_10027464
P08478,CGI_10027471
O01761,CGI_10027478
Q9GL65,CGI_10027512
Q13523,CGI_10027514
P60519,CGI_10027515
Q2V2M9,CGI_10027517
O01761,CGI_10027542
Q05974,CGI_10027566
Q9NA13,CGI_10027581
Q80U40,CGI_10027586
P42577,CGI_10027591
O88627,CGI_10027592
Q62773,CGI_10027593
Q8NHY3,CGI_10027594
P55008,CGI_10027605
Q8C419,CGI_10027607
P35408,CGI_10027614
Q75J93,CGI_10027620
P35486,CGI_10027648
P39429,CGI_10027674
O43734,CGI_10027692
P25021,CGI_10027696
Q7Z6G8,CGI_10027697
Q92625,CGI_10027698
Q9D8N3,CGI_10027699
Q5XI01,CGI_10027707
Q9Y4G8,CGI_10027709
Q9ZTW3,CGI_10027715
Q9BV40,CGI_10027716
Q9MZL5,CGI_10027733
Q91XQ0,CGI_10027741
Q66I24,CGI_10027748
O15027,CGI_10027751
P52486,CGI_10027757
P51825,CGI_10027761
Q14AW5,CGI_10027772
O36022,CGI_10027803
Q3MHQ4,CGI_10027813
Q9BZ19,CGI_10027814
P69566,CGI_10027816
P0C872,CGI_10027836
O75509,CGI_10027837
P27674,CGI_10027842
Q7SZE5,CGI_10027858
P25490,CGI_10027862
Q8TAD4,CGI_10027882
Q6NWC9,CGI_10027892
Q99K24,CGI_10027897
Q9NS73,CGI_10027919
Q9JL60,CGI_10027932
Q99758,CGI_10027950
Q3TPJ7,CGI_10027975
Q9V9S7,CGI_10027977
Q56R14,CGI_10027982
Q6AZW8,CGI_10027997
Q1RLK6,CGI_10028006
Q49LS8,CGI_10028022
P15848,CGI_10028027
Q9UJ83,CGI_10028034
Q80T91,CGI_10028051
Q9I8C7,CGI_10028083
Q7Z0T3,CGI_10028084
Q503Y7,CGI_10028112
Q8MS27,CGI_10028116
O19113,CGI_10028121
Q9VUJ0,CGI_10028124
P54886,CGI_10028147
Q6PCM2,CGI_10028150
Q90421,CGI_10028171
P11021,CGI_10028173
P46735,CGI_10028183
Q923W1,CGI_10028194
Q49LS8,CGI_10028201
Q5RHH4,CGI_10028209
Q8CFW7,CGI_10028211
Q3TEL6,CGI_10028226
Q6IP57,CGI_10028227
Q9NWW5,CGI_10028230
P15535,CGI_10028237
P05164,CGI_10028272
Q3U492,CGI_10028285
Q5PQM9,CGI_10028287
Q28F51,CGI_10028291
O70352,CGI_10028298
Q9M8K7,CGI_10028327
Q8WTR2,CGI_10028328
A4IJ15,CGI_10028331
O35316,CGI_10028335
O60841,CGI_10028339
Q9Y617,CGI_10028343
P53405,CGI_10028355
P43679,CGI_10028361
Q9CX00,CGI_10028370
P09481,CGI_10028377
Q8HYL8,CGI_10028389
P18741,CGI_10028394
Q02427,CGI_10028396
Q8HZK2,CGI_10028411
Q9IBG7,CGI_10028414
Q03145,CGI_10028439
Q96GD3,CGI_10028440
Q63HM9,CGI_10028452
Q3U3Q1,CGI_10028454
Q29RP1,CGI_10028457
P51989,CGI_10028469
P15650,CGI_10028471
Q7Z3B3,CGI_10028472
B3MGU5,CGI_10028479
Q7ZVG6,CGI_10028493
Q9CSP9,CGI_10028505
Q9QXE7,CGI_10028509
Q8N2R8,CGI_10028510
Q99489,CGI_10028549
Q6WRI0,CGI_10028572
Q9UJX6,CGI_10028573
P54277,CGI_10028611
Q5T0B9,CGI_10028619
Q96Q11,CGI_10028649
Q90964,CGI_10028651
O76329,CGI_10028652
Q8TCS8,CGI_10028653
Q5U4F6,CGI_10028675
P56213,CGI_10028680
Q9Z0V8,CGI_10028696
Q53HV7,CGI_10028697
P50395,CGI_10028701
Q5XPI4,CGI_10028702
O09110,CGI_10028745
Q949R4,CGI_10028752
Q52KJ8,CGI_10028763
O89094,CGI_10028796
A5D8N2,CGI_10028806
Q14BP6,CGI_10028811
Q58CU3,CGI_10028815
A5PLK2,CGI_10028818
Q8NUZ4,CGI_10028843
Q2TAD9,CGI_10028846
Q9D1Q1,CGI_10028858
Q8N2E2,CGI_10028862
Q8CIG9,CGI_10028863
Q4LDE5,CGI_10028868
Q5U2Z0,CGI_10028872
Q90511,CGI_10028873
O00748,CGI_10028875
P78424,CGI_10028901
D8VNS7,CGI_10028906
Q501L1,CGI_10028927
